<profile version="1.0">
  <option name="myName" value="Default" />
  <inspection_tool class="HtmlUnknownTag" enabled="true" level="WARNING" enabled_by_default="true">
    <option name="myValues">
      <value>
        <list size="9">
          <item index="0" class="java.lang.String" itemvalue="nobr" />
          <item index="1" class="java.lang.String" itemvalue="noembed" />
          <item index="2" class="java.lang.String" itemvalue="comment" />
          <item index="3" class="java.lang.String" itemvalue="noscript" />
          <item index="4" class="java.lang.String" itemvalue="embed" />
          <item index="5" class="java.lang.String" itemvalue="script" />
          <item index="6" class="java.lang.String" itemvalue="p" />
          <item index="7" class="java.lang.String" itemvalue="h1" />
          <item index="8" class="java.lang.String" itemvalue="div" />
        </list>
      </value>
    </option>
    <option name="myCustomValuesEnabled" value="true" />
  </inspection_tool>
  <inspection_tool class="NonAsciiCharacters" enabled="false" level="WARNING" enabled_by_default="false" />
  <inspection_tool class="PyPep8NamingInspection" enabled="true" level="WEAK WARNING" enabled_by_default="true">
    <option name="ignoredErrors">
      <list>
        <option value="N802" />
        <option value="N806" />
        <option value="N803" />
      </list>
    </option>
  </inspection_tool>
  <inspection_tool class="PyStubPackagesAdvertiser" enabled="true" level="WARNING" enabled_by_default="true">
    <option name="ignoredPackages">
      <list>
        <option value="pandas-stubs==2.2.3.250308" />
      </list>
    </option>
  </inspection_tool>
  <inspection_tool class="PyUnresolvedReferencesInspection" enabled="true" level="WARNING" enabled_by_default="true">
    <option name="ignoredIdentifiers">
      <list>
        <option value="flask.wrappers.Request.sid" />
      </list>
    </option>
  </inspection_tool>
</profile>