<application>
  <component name="GraziConfig">
    <option name="enabledLanguages">
      <set>
        <option value="English (US)" />
        <option value="Swedish" />
      </set>
    </option>
    <option name="suppressingContext">
      <SuppressingContext>
        <option name="suppressed">
          <set>
            <option value=",|Reset returns (state, info)." />
            <option value="1 = 100% random actions|1 = 100% random actions" />
            <option value="1 = 100% random actions|1 = 100% random actions." />
            <option value="Box|Expecting type: Box(low, high, (shape0,) float64)" />
            <option value="JOIN join" />
            <option value="Pandas is" />
            <option value="and|Truncated and info is not used." />
            <option value="array[:,|array[:, :] since its a 2D array" />
            <option value="array|array[:, :] since it's a 2D array" />
            <option value="array|array[:, :] since it's a 2D array!" />
            <option value="array|array[:, :] since it's a 2D array." />
            <option value="batch,) 1" />
            <option value="corner|State: 0 to 63, 0=top left corner, 63= bottom right corner" />
            <option value="corner|State: 0 to 63, 0=top left corner, 63= bottom right corner." />
            <option value="device|Convert new-state and reward to tensor on device." />
            <option value="device|Convert state to tensor directly on device" />
            <option value="device|Convert state to tensor directly on device." />
            <option value="en hittade en" />
            <option value="find closest obstacle" />
            <option value="in|Reset returns (state, info)." />
            <option value="stop_on_reward|Exit program if reward has reached stop_on_reward limit." />
            <option value="tr" />
          </set>
        </option>
      </SuppressingContext>
    </option>
  </component>
</application>