<application>
  <component name="ProjectManager">
    <defaultProject>
      <component name="ProjectViewState">
        <option name="hideEmptyMiddlePackages" value="true" />
        <option name="showLibraryContents" value="true" />
      </component>
      <component name="PropertiesComponent"><![CDATA[{}]]></component>
      <component name="WindowStateProjectService">
        <state x="-1180" y="265" key="FileChooserDialogImpl" timestamp="1753303404825">
          <screen x="-1920" y="0" width="1920" height="1032" />
        </state>
        <state x="-1180" y="265" key="FileChooserDialogImpl/0.0.1920.1032/-1920.0.1920.1032/1920.0.1088.566" timestamp="1753303404825" />
      </component>
    </defaultProject>
  </component>
</application>