<application>
  <component name="CachedDictionaryState">
    <words>
      <w>aimbot</w>
      <w>coords</w>
      <w>deve</w>
      <w>fullscreen</w>
      <w>hitbox</w>
      <w>ilike</w>
      <w>imgs</w>
      <w>jägermeist's</w>
      <w>kesha</w>
      <w>logits</w>
      <w>mousemove</w>
      <w>nutrience</w>
      <w>postgre</w>
      <w>pred</w>
      <w>preds</w>
      <w>requesten</w>
      <w>selectbox</w>
      <w>spritesheet</w>
      <w>uppgift</w>
      <w>wallhack</w>
    </words>
  </component>
</application>