<application>
  <component name="Trusted.Paths">
    <option name="TRUSTED_PROJECT_PATHS">
      <map>
        <entry key="C:\Users\phill\AppData\Roaming\JetBrains\PyCharmCE2025.1\projects\06196d90fe724d01c5696171c630d95d144a07bd" value="true" />
        <entry key="C:\Users\phill\AppData\Roaming\JetBrains\PyCharmCE2025.1\projects\def49011bb77533f7f975a27800919df23b33986" value="true" />
        <entry key="C:\Users\phill\AppData\Roaming\JetBrains\PyCharmCE2025.1\projects\f2fe054f02cc49cf8fcdbf576b886b83c3291c5d" value="true" />
        <entry key="D:\Coding Projects\Python\Artificial Intelligence" value="true" />
        <entry key="D:\Coding Projects\Python\Async" value="true" />
        <entry key="D:\Coding Projects\Python\Audio Classification" value="true" />
        <entry key="D:\Coding Projects\Python\Binary Rice Classification" value="true" />
        <entry key="D:\Coding Projects\Python\CS2 Hack" value="true" />
        <entry key="D:\Coding Projects\Python\ChatRoom" value="true" />
        <entry key="D:\Coding Projects\Python\DcBot" value="true" />
        <entry key="D:\Coding Projects\Python\Deep Reinforcement Learning - NeuralNine" value="true" />
        <entry key="D:\Coding Projects\Python\DevOps-Hemtenta-Solo" value="true" />
        <entry key="D:\Coding Projects\Python\Django Website" value="true" />
        <entry key="D:\Coding Projects\Python\Eddi's Game" value="true" />
        <entry key="D:\Coding Projects\Python\FastAPI Server" value="true" />
        <entry key="D:\Coding Projects\Python\Flappy AI" value="true" />
        <entry key="D:\Coding Projects\Python\Flappy Bird Clone" value="true" />
        <entry key="D:\Coding Projects\Python\Flappy DQN" value="true" />
        <entry key="D:\Coding Projects\Python\FoodVision" value="true" />
        <entry key="D:\Coding Projects\Python\Framework Examples" value="true" />
        <entry key="D:\Coding Projects\Python\Frogger RL" value="true" />
        <entry key="D:\Coding Projects\Python\GameHacking" value="true" />
        <entry key="D:\Coding Projects\Python\Games" value="true" />
        <entry key="D:\Coding Projects\Python\Gym FrozenLake DQN" value="true" />
        <entry key="D:\Coding Projects\Python\Gym Q-Learning" value="true" />
        <entry key="D:\Coding Projects\Python\HuggingFace RL Course" value="true" />
        <entry key="D:\Coding Projects\Python\Leetcode Solutions" value="true" />
        <entry key="D:\Coding Projects\Python\MP Browser-Game" value="true" />
        <entry key="D:\Coding Projects\Python\MSB Hackathon" value="true" />
        <entry key="D:\Coding Projects\Python\Malware" value="true" />
        <entry key="D:\Coding Projects\Python\Multiclass Animal Classification" value="true" />
        <entry key="D:\Coding Projects\Python\Multiclass-Transfer-Learning" value="true" />
        <entry key="D:\Coding Projects\Python\Multiplayer Tic-Tac-Toe" value="true" />
        <entry key="D:\Coding Projects\Python\Nackademin Schedule Bot" value="true" />
        <entry key="D:\Coding Projects\Python\Nackademin-Databasteknik-Gruppuppgift" value="true" />
        <entry key="D:\Coding Projects\Python\Numpy Exercises" value="true" />
        <entry key="D:\Coding Projects\Python\Online Rock Paper Scissors" value="true" />
        <entry key="D:\Coding Projects\Python\Personal Website" value="true" />
        <entry key="D:\Coding Projects\Python\Platformer" value="true" />
        <entry key="D:\Coding Projects\Python\PvZ RL" value="true" />
        <entry key="D:\Coding Projects\Python\PyGame Testing" value="true" />
        <entry key="D:\Coding Projects\Python\PyTorch Testing" value="true" />
        <entry key="D:\Coding Projects\Python\PythonProject" value="true" />
        <entry key="D:\Coding Projects\Python\RaspberryPI-Webserver" value="true" />
        <entry key="D:\Coding Projects\Python\React-FastAPI" value="true" />
        <entry key="D:\Coding Projects\Python\Reinforcement Learning Course" value="true" />
        <entry key="D:\Coding Projects\Python\RobberyBOB Clone" value="true" />
        <entry key="D:\Coding Projects\Python\SQL Course" value="true" />
        <entry key="D:\Coding Projects\Python\Schedule Reminder Bot" value="true" />
        <entry key="D:\Coding Projects\Python\School" value="true" />
        <entry key="D:\Coding Projects\Python\Second Project" value="true" />
        <entry key="D:\Coding Projects\Python\SilksongV2" value="true" />
        <entry key="D:\Coding Projects\Python\SkolArbete" value="true" />
        <entry key="D:\Coding Projects\Python\Snapchat Memories Downloader" value="true" />
        <entry key="D:\Coding Projects\Python\SocialMedia-Clone" value="true" />
        <entry key="D:\Coding Projects\Python\SongModifier" value="true" />
        <entry key="D:\Coding Projects\Python\Spikey" value="true" />
        <entry key="D:\Coding Projects\Python\Text Classification" value="true" />
        <entry key="D:\Coding Projects\Python\Third Project" value="true" />
        <entry key="D:\Coding Projects\Python\Topdown CS" value="true" />
        <entry key="D:\Coding Projects\Python\Typing-Game" value="true" />
        <entry key="D:\Coding Projects\Python\VizDoom RL" value="true" />
        <entry key="D:\Coding Projects\Python\Websites" value="true" />
        <entry key="D:\Coding Projects\Python\devops-hemtenta-allan-philipt_TEST" value="true" />
        <entry key="D:\Coding Projects\Python\first project" value="true" />
        <entry key="D:\Coding Projects\Python\philipthorell" value="true" />
        <entry key="D:\PyCharm\PyCharm Projects" value="true" />
        <entry key="D:\PyCharm\PyCharm Projects\Artificial Intelligence" value="true" />
        <entry key="D:\PyCharm\PyCharm Projects\Audio Classification" value="true" />
        <entry key="D:\PyCharm\PyCharm Projects\Binary Rice Classification" value="true" />
        <entry key="D:\PyCharm\PyCharm Projects\ChatRoom" value="true" />
        <entry key="D:\PyCharm\PyCharm Projects\DcBot" value="true" />
        <entry key="D:\PyCharm\PyCharm Projects\Eddi's Game" value="true" />
        <entry key="D:\PyCharm\PyCharm Projects\Flappy AI" value="true" />
        <entry key="D:\PyCharm\PyCharm Projects\Flappy Bird Clone" value="true" />
        <entry key="D:\PyCharm\PyCharm Projects\Flappy DQN" value="true" />
        <entry key="D:\PyCharm\PyCharm Projects\FoodVision" value="true" />
        <entry key="D:\PyCharm\PyCharm Projects\GameHacking" value="true" />
        <entry key="D:\PyCharm\PyCharm Projects\Games" value="true" />
        <entry key="D:\PyCharm\PyCharm Projects\MP Browser-Game" value="true" />
        <entry key="D:\PyCharm\PyCharm Projects\Malware" value="true" />
        <entry key="D:\PyCharm\PyCharm Projects\Multiclass Animal Classification" value="true" />
        <entry key="D:\PyCharm\PyCharm Projects\Multiclass-Transfer-Learning" value="true" />
        <entry key="D:\PyCharm\PyCharm Projects\Multiplayer Tic-Tac-Toe" value="true" />
        <entry key="D:\PyCharm\PyCharm Projects\Numpy Exercises" value="true" />
        <entry key="D:\PyCharm\PyCharm Projects\Online Rock Paper Scissors" value="true" />
        <entry key="D:\PyCharm\PyCharm Projects\Platformer" value="true" />
        <entry key="D:\PyCharm\PyCharm Projects\PyGame Testing" value="true" />
        <entry key="D:\PyCharm\PyCharm Projects\PyTorch Testing" value="true" />
        <entry key="D:\PyCharm\PyCharm Projects\PythonProject" value="true" />
        <entry key="D:\PyCharm\PyCharm Projects\RaspberryPI-Webserver" value="true" />
        <entry key="D:\PyCharm\PyCharm Projects\RobberyBOB Clone" value="true" />
        <entry key="D:\PyCharm\PyCharm Projects\Second Project" value="true" />
        <entry key="D:\PyCharm\PyCharm Projects\SilksongV2" value="true" />
        <entry key="D:\PyCharm\PyCharm Projects\SkolArbete" value="true" />
        <entry key="D:\PyCharm\PyCharm Projects\SongModifier" value="true" />
        <entry key="D:\PyCharm\PyCharm Projects\Space Invader" value="true" />
        <entry key="D:\PyCharm\PyCharm Projects\Third Project" value="true" />
        <entry key="D:\PyCharm\PyCharm Projects\Topdown CS" value="true" />
        <entry key="D:\PyCharm\PyCharm Projects\Typing Game" value="true" />
        <entry key="D:\PyCharm\PyCharm Projects\Typing-Game" value="true" />
        <entry key="D:\PyCharm\PyCharm Projects\Viruses" value="true" />
        <entry key="D:\PyCharm\PyCharm Projects\Websites" value="true" />
        <entry key="D:\PyCharm\PyCharm Projects\first project" value="true" />
      </map>
    </option>
  </component>
  <component name="Trusted.Paths.Settings">
    <option name="TRUSTED_PATHS">
      <list>
        <option value="D:\Coding Projects\Python" />
      </list>
    </option>
  </component>
</application>