<application>
  <component name="DimensionService">
    <location key="REMOTE_DEVELOPMENT_CONNECTION.-1920.0.1920.1080" x="-1468" y="131" />
    <size key="GridCell.Tab.0.left.-1920.0.1920.1080" width="1838" height="298" />
    <size key="GridCell.Tab.0.center.-1920.0.1920.1080" width="1838" height="298" />
    <size key="GridCell.Tab.0.right.-1920.0.1920.1080" width="1838" height="298" />
    <size key="GridCell.Tab.0.bottom.-1920.0.1920.1080" width="1838" height="298" />
    <size key="GridCell.Tab.1.left.-1920.0.1920.1080" width="1612" height="485" />
    <size key="GridCell.Tab.1.center.-1920.0.1920.1080" width="1612" height="485" />
    <size key="GridCell.Tab.1.right.-1920.0.1920.1080" width="1612" height="485" />
    <size key="GridCell.Tab.1.bottom.-1920.0.1920.1080" width="1612" height="485" />
    <size key="GridCell.Tab.0.left.0.0.1920.1080" width="1838" height="388" />
    <size key="GridCell.Tab.0.center.0.0.1920.1080" width="1838" height="388" />
    <size key="GridCell.Tab.0.right.0.0.1920.1080" width="1838" height="388" />
    <size key="GridCell.Tab.0.bottom.0.0.1920.1080" width="1838" height="388" />
    <size key="GridCell.Tab.1.left.0.0.1920.1080" width="1286" height="184" />
    <size key="GridCell.Tab.1.center.0.0.1920.1080" width="1286" height="184" />
    <size key="GridCell.Tab.1.right.0.0.1920.1080" width="1286" height="184" />
    <size key="GridCell.Tab.1.bottom.0.0.1920.1080" width="1286" height="184" />
    <size key="REMOTE_DEVELOPMENT_CONNECTION.-1920.0.1920.1080" width="1016" height="769" />
    <size key="GridCell.Tab.2.left.-1920.0.1920.1080" width="1427" height="356" />
    <size key="GridCell.Tab.2.center.-1920.0.1920.1080" width="1427" height="356" />
    <size key="GridCell.Tab.2.right.-1920.0.1920.1080" width="1427" height="356" />
    <size key="GridCell.Tab.2.bottom.-1920.0.1920.1080" width="1427" height="356" />
  </component>
  <component name="WindowManager">
    <frame x="-8" y="-8" width="1936" height="1048" extendedState="6" />
  </component>
  <component name="WindowStateApplicationService">
    <state width="1427" height="162" key="GridCell.Tab.0.bottom" timestamp="1762874844471">
      <screen x="0" y="0" width="1920" height="1032" />
    </state>
    <state width="1427" height="162" key="GridCell.Tab.0.bottom/0.0.1920.1032/-1920.0.1920.1032/1920.0.1088.566" timestamp="1762874844471" />
    <state width="1427" height="162" key="GridCell.Tab.0.center" timestamp="1762874844471">
      <screen x="0" y="0" width="1920" height="1032" />
    </state>
    <state width="1427" height="162" key="GridCell.Tab.0.center/0.0.1920.1032/-1920.0.1920.1032/1920.0.1088.566" timestamp="1762874844471" />
    <state width="1427" height="162" key="GridCell.Tab.0.left" timestamp="1762874844471">
      <screen x="0" y="0" width="1920" height="1032" />
    </state>
    <state width="1427" height="162" key="GridCell.Tab.0.left/0.0.1920.1032/-1920.0.1920.1032/1920.0.1088.566" timestamp="1762874844471" />
    <state width="1427" height="162" key="GridCell.Tab.0.right" timestamp="1762874844471">
      <screen x="0" y="0" width="1920" height="1032" />
    </state>
    <state width="1427" height="162" key="GridCell.Tab.0.right/0.0.1920.1032/-1920.0.1920.1032/1920.0.1088.566" timestamp="1762874844471" />
    <state width="1574" height="368" key="GridCell.Tab.1.bottom" timestamp="1762273981177">
      <screen x="0" y="0" width="1920" height="1032" />
    </state>
    <state width="1574" height="368" key="GridCell.Tab.1.bottom/0.0.1920.1032/-1920.0.1920.1032/1920.0.1088.566" timestamp="1762273981177" />
    <state width="1574" height="368" key="GridCell.Tab.1.center" timestamp="1762273981177">
      <screen x="0" y="0" width="1920" height="1032" />
    </state>
    <state width="1574" height="368" key="GridCell.Tab.1.center/0.0.1920.1032/-1920.0.1920.1032/1920.0.1088.566" timestamp="1762273981177" />
    <state width="1574" height="368" key="GridCell.Tab.1.left" timestamp="1762273981177">
      <screen x="0" y="0" width="1920" height="1032" />
    </state>
    <state width="1574" height="368" key="GridCell.Tab.1.left/0.0.1920.1032/-1920.0.1920.1032/1920.0.1088.566" timestamp="1762273981177" />
    <state width="1574" height="368" key="GridCell.Tab.1.right" timestamp="1762273981177">
      <screen x="0" y="0" width="1920" height="1032" />
    </state>
    <state width="1574" height="368" key="GridCell.Tab.1.right/0.0.1920.1032/-1920.0.1920.1032/1920.0.1088.566" timestamp="1762273981177" />
    <state width="1574" height="368" key="GridCell.Tab.2.bottom" timestamp="1762273981177">
      <screen x="0" y="0" width="1920" height="1032" />
    </state>
    <state width="1574" height="368" key="GridCell.Tab.2.bottom/0.0.1920.1032/-1920.0.1920.1032/1920.0.1088.566" timestamp="1762273981177" />
    <state width="1574" height="368" key="GridCell.Tab.2.center" timestamp="1762273981177">
      <screen x="0" y="0" width="1920" height="1032" />
    </state>
    <state width="1574" height="368" key="GridCell.Tab.2.center/0.0.1920.1032/-1920.0.1920.1032/1920.0.1088.566" timestamp="1762273981177" />
    <state width="1574" height="368" key="GridCell.Tab.2.left" timestamp="1762273981177">
      <screen x="0" y="0" width="1920" height="1032" />
    </state>
    <state width="1574" height="368" key="GridCell.Tab.2.left/0.0.1920.1032/-1920.0.1920.1032/1920.0.1088.566" timestamp="1762273981177" />
    <state width="1574" height="368" key="GridCell.Tab.2.right" timestamp="1762273981177">
      <screen x="0" y="0" width="1920" height="1032" />
    </state>
    <state width="1574" height="368" key="GridCell.Tab.2.right/0.0.1920.1032/-1920.0.1920.1032/1920.0.1088.566" timestamp="1762273981177" />
    <state width="441" height="159" key="ShowUsagesActions.dimensionServiceKey" timestamp="1763227489020">
      <screen x="0" y="0" width="1920" height="1032" />
    </state>
    <state width="441" height="159" key="ShowUsagesActions.dimensionServiceKey/0.0.1920.1032/-1920.0.1920.1032/1920.0.1088.566" timestamp="1763227489020" />
  </component>
</application>